method,k,inertia_mean,inertia_std,silhouette_mean,silhouette_std,iterations_mean,iterations_std,runtime_mean,runtime_std
gonzalez,3,374.53328428010445,0.09260783020784862,0.40507098132026825,0.0025701547416306226,12.033333333333333,2.941772083031884,0.0018747772327818287,0.00043001368351875205
gonzalez,5,247.77534813642666,3.2712210443869285,0.3421003848372276,0.014807377884711734,13.166666666666666,4.488170914851566,0.00266034996699697,0.0010623509118060622
gonzalez,8,157.45598938904726,3.3635431579132766,0.3330533085180676,0.0052769136032578025,13.866666666666667,4.216006717698415,0.0035852506325075714,0.001031324190250223
kmeans++,3,374.51204216104617,0.10444538033046345,0.40424448000989344,0.002789013505959712,12.133333333333333,3.339763912091055,0.001946556699112989,0.0004944802152105978
kmeans++,5,249.56597755605836,5.019807265534199,0.32934723049917713,0.011966954468485204,14.566666666666666,6.317372507799335,0.0031342325319807665,0.0012053473069430938
kmeans++,8,154.70978815635638,3.733013754673525,0.33011737483743514,0.009095921403377906,15.9,6.640263808635607,0.004554020068220173,0.001650574964223441
random,3,374.469585472506,0.10120851157699413,0.40322759347065024,0.0028429677996204853,14.133333333333333,6.229702673667409,0.0020946603331443233,0.0008962555185639146
random,5,249.32911516386875,4.536166044300006,0.32996437873957046,0.01255777233891434,15.6,7.034888426436755,0.0030068394669797273,0.001397729410320112
random,8,154.04197925611254,4.112612782117463,0.33306675286251947,0.008360987422529335,18.733333333333334,5.613612355530164,0.004871861000719946,0.0014638439912614456
